id,course_id,cleaned_text
\x356230306433653439333739343030396438303035643131,course-v1:GTx+HDM1.2aX+2T2017,nice put caption every image reader explain picture blind user
\x356230306431363938343435326130383636303035663236,course-v1:GTx+HDM1.2aX+2T2017,agree dont exactly main limitation resizing widget many people find widget unnecesary google already similar tool ive seen many website color background text color arent exactly people disability actually think kind text must carefully checked found many page apps read aloud text even apps blind people
\x356165313166363338343435326130383662303034626333,course-v1:GTx+HDM1.1aX+2T2017,reopened course still certificate poorly managed course
\x356164666536653339333739343030613066303034393661,course-v1:GTx+HDM1.1aX+2T2017,second still displaying action space subtitle instead correct challenge one
\x356163616236663138343435326130383237303033393835,course-v1:GTx+HDM1.1aX+2T2017,also experiencing issue email well response
\x356133633966326634346131353030383934303030356437,course-v1:GTx+HDM1.1aX+2T2017,yes struggling well downloading video watch didnt understand something read subtitle separately take bit time ive already written staff issue said investigate
\x356133323037613234346131353030386463303030316238,course-v1:GTx+HDM1.1aX+2T2017,great laughed hard grandma version c sense niche
\x356164313864393032343435316130396136303033663266,course-v1:GTx+HDM1.2aX+2T2017,best option feature text readable people disability
\x356266323866613234666332333030396437303030663862,course-v1:GTx+HDM1.1aX+3T2018,dear name ricardo brazil say everybody let keep touch love play game much time play nowadays planning start gameful learning poverty school order engagement learner
\x356333383965373735386164636230393634303030616236,course-v1:GTx+HDM1.2aX+3T2018,imagerich website necessarily inaccessible matter providing text alternative one basic accessibility technique company mainly two type incentive moral ie discriminating people disability even country without web accessibility legislation general legislation used sue company inaccessible website financial lose customer cant use website
\x356333383964623535386164636230396137303030613730,course-v1:GTx+HDM1.2aX+3T2018,sometimes said accessible design attractive actually true course retrit accessibility existing website design work eg low contrast need redone trick course integrate accessibility start make accessible development lot cheaper retritting also worth pointing web content ccessibility guideline minor impact design example minimum contrast requirement level httpswwww orgtrwcg contrastminimum
\x356333383962333064623730613930393864303030633163,course-v1:GTx+HDM1.2aX+3T2018,link lebenshilfe us service people led believe service make website accessible everyone eg blind user sadly case
\x356333383939633964623730613930396138303030616430,course-v1:GTx+HDM1.2aX+3T2018,people find difficult read content specific background colour eg white website com website offer many different background colour choose may preference people actually necessity others wikipedia article syndrome
\x356133666531366537616366326430383133303030366162,course-v1:GTx+HDM1.1aX+2T2017,reply help really appreciate best
\x356133633639623864356362373730616237303030353766,course-v1:GTx+HDM1.1aX+2T2017,question thats unrelated post sorry ask posted day ago may view video download video view online cant view video choice download advance
\x356231366364303665643962353230396238303030633862,course-v1:GTx+HDM1.2aX+2T2017,think browser already zooming feature necessary add extra feature text resize also people low contrast high contrast beneficial people color blindness finally feature read aloud truly important browser edge adopted feature working well
\x356333393832646233656239653630396166303030623362,course-v1:GTx+HDM1.1aX+3T2018,also familiar deciding delete game apps phone
\x356466386531363037666562653530393562303032303135,course-v1:GTx+HDM1.2aX+1T2019,mobile app actually happened think computer read aloud option good understood
\x356331326137653234666332333030396365303032306265,course-v1:GTx+HDM1.2aX+3T2018,found course easy follow though recommend video graphic explaining different flow
\x356330356364316665663562333330396335303032366235,course-v1:GTx+HDM1.2aX+3T2018,agree till certain point brand able profitable opened knew point seeing thing making rich content everyone least try make people disability able content peru institution feature great disadvantage
\x356266356534376165663562333330396434303031663632,course-v1:GTx+HDM1.2aX+3T2018,another clear exmaple lebenshilfe website federal institution germany every option personalization since readlingaloud even change language highlight darken parragraph user read among option great impact society applied
\x356266356361333433363130313330393962303031623539,course-v1:GTx+HDM1.2aX+3T2018,agree one behnambozorgc da marketing add point view useful company add fount changer button order create culture social responsability generate good image overall global firm cocacola mckinsey adidas lead example must statups hand create standard present theirselfs people
\x356266356330363965663562333330396533303031663336,course-v1:GTx+HDM1.2aX+3T2018,well peru website personalization unless belongs ngo people disability found interesting website promotes employement people disability reinserts society web spanish speaking country colombia argentina chile paraguay mexico peru show dispite luck personalization techonology change emerging economy
\x356135366261663437616366326430383239303030656233,course-v1:GTx+HDM1.1aX+2T2017,always avoided online game fear virus actually problem keep clean
\x356161376637323432343435316130613031303032343031,course-v1:GTx+HDM1.2aX+2T2017,agree seems involves lot work prior knowledge behalf user already barrier using technology
\x356135366565356337616366326430383166303031323031,course-v1:GTx+HDM1.1aX+2T2017,oh verified store developer one mentioned sure played product gamelofts rightits virus free yea play store window storeverified publisher hence virus issuesas far gained patch game regularly form maintenance update nopesno issue hope answer query
\x356333383934353664623730613930396234303030633066,course-v1:GTx+HDM1.2aX+3T2018,mean color sense never lose value exactly outdated treskjegg
\x356330636537306534666332333030396638303031633539,course-v1:GTx+HDM1.2aX+3T2018,yes sometimes dark theme help really think cool user browser switch color contrast hence support bg color change site really need dark theme switch
\x356265356262326233363130313330396332303031333136,course-v1:GTx+HDM1.2aX+3T2018,wonder inherently give website design accessibility edge expect imagerich website necc accessible public institution school required law accessible compliant place twitter facebook etc incentive private company create medium viewable
\x356265356262323065663562333330396263303031356163,course-v1:GTx+HDM1.2aX+3T2018,also wonder inherently give website currently design accessibility edge expect imagerich website necc accessible public institution school required law accessible compliant place twitter facebook etc incentive private company create medium viewable
\x356166326665313039333739343030396366303035363234,course-v1:GTx+HDM1.1aX+2T2017,well may th still certificate ill wait little longer contact truly disapointed whole situation
\x356164613038666332343435316130396334303034353961,course-v1:GTx+HDM1.1aX+2T2017,yet maybe ran ink debating wholl
\x356164386234373339333739343030396363303034326664,course-v1:GTx+HDM1.1aX+2T2017,still certificate everyone ill email end day response
\x356163636337636638343435326130383233303033613663,course-v1:GTx+HDM1.1aX+2T2017,dashboard say certificate available apr let wait response ned said let course coordinator issue expect course team correct soon tone language sounded chat bot human
\x356163383766353332343435316130396235303033383061,course-v1:GTx+HDM1.1aX+2T2017,maybe theyll issue certificate april th course end anyway ill also email regarding
\x356163376335363538343435326130383336303033383066,course-v1:GTx+HDM1.1aX+2T2017,problem ive sent email support team said theyve updated progress section ive checked there test evaluation bar final test ive completed final test dont certificate button progress area ill email minute whats least reply pretty fast
\x356234373264643137633665316430396237303031336162,course-v1:GTx+HDM1.2aX+2T2017,adding page single page collection slide contain specific information form pop box example sometimes unable understand picture keeping mouse icon pop information
\x356266646161656265663562333330396566303032333430,course-v1:GTx+HDM1.2aX+3T2018,opinion site style structure designed implemented properly changing scale screen enough pressing ctrl plus design responsive everything might break look good
\x356138666564373832343435316130396232303031353663,course-v1:GTx+HDM1.1aX+2T2017,interesting example think socialization killer goal win game kill
\x356330356633373433363130313330393833303032633633,course-v1:GTx+HDM1.1aX+3T2018,interesting game appeal type gamers thought call duty another satisfied since literally killer there also coop chat achievement lot different battleground explore guess successful popular game appeal category
\x356363626538336664386561623130393430303030653166,course-v1:GTx+HDM1.2aX+1T2019,ask exactly appropriate font size believe additional action brings additional value better website based main target group need
\x356136386231633137666562653530383364303030333333,course-v1:GTx+HDM1.1aX+2T2017,trying take course video giving error playable video source found ive tried chrome ie video removed
\x356132363937393030386639613530383566303030383864,course-v1:GTx+HDM1.1aX+2T2017,development xp language learning good additional experience acquired give access faster speaker compare learning encouraging better every level giving additional vocabulary conversation
\x356130366463343234656130346331363934303030366231,course-v1:GTx+HDM1.1aX+2T2017,kind game ive played involved multiple player combat environment construction socialization game particularly exploration lay land obtaining advantage combat translate socializer explorer achiever main source playing game still mostly creating environment team individual meet execute rule game
\x356161653534333439333739343030396336303032383335,course-v1:GTx+HDM1.2aX+2T2017,image video medium made readable mean browser accessibility feature major downside technique making web content readable used medium feature used text web page clash satisfy user opitons may limited unsatisfactory
\x356135633538363234346131353030386439303031333538,course-v1:GTx+HDM1.2aX+2T2017,banner image sometimes content smaller font size hence zooming font size increase make difficult read
\x356434646531643563303664323630393733303030363165,course-v1:GTx+HDM1.2aX+1T2019,device someone may viewing site may broken sound volume without subtitle impossible understand
\x356434623337343038343435326130376163303030346139,course-v1:GTx+HDM1.2aX+1T2019,read aloud button mobile app may cause inconvenience accidentally pressed thus causing mobile device speak aloud something spoken
\x356337623537646233656239653630396130303033313062,course-v1:GTx+HDM1.2aX+1T2019,keep readable font size web page make readable thus make easy access reduces lengthy process user zooming changing size font etc
\x356337623533363333656239653630393865303033323563,course-v1:GTx+HDM1.2aX+1T2019,text resize widget add additional work user rather keep appropriate font size readable easily
\x356263646639616333363130313330393734303030336365,course-v1:GTx+HDM1.2aX+3T2018,first downside accessibility technique think loss design work done website might care wikipedia page look might change experience brand website case although able read text miss part message website expressed font color size important design page design always accessible
\x356132356133346563623166353330383439303030376662,course-v1:GTx+HDM1.1aX+2T2017,almost recent experience game used play chess lot guess perspective killer socialization exploration achievement looking forward learn
\x356233616363636137633665316430396135303030633332,course-v1:GTx+HDM1.2aX+2T2017,think type web content made readable mean browser accessibility feature gif image maybe think downside technique making web content accessible
\x356233616361366437633665316430393939303030633865,course-v1:GTx+HDM1.2aX+2T2017,great course question far
\x356138663938653132343435316130396633303031346663,course-v1:GTx+HDM1.2aX+2T2017,think type web content made readable mean browser accessibility feature image think downside technique making web content accessible require specific domain knowledge user browser adjusted many user knowledge addition make change requires lot mouse keyboard work
\x356332326462333965663562333330396263303033353039,course-v1:GTx+HDM1.1aX+3T2018,besides mmorpgs lecturer mentioned there another rpglike game game caught attention starring tv show based ive played game looking wiki page created look really interesting game development story line branch diferent direction offering player perspective story based choice made keeping overall storyline intact
\x356332323336376234666332333030613136303032353934,course-v1:GTx+HDM1.1aX+3T2018,smartphone application track daily step feel great meet daily requirement able beat last record there extrinsic reward involved getting daily exercise make feel good intrinsically challenge need remain stationary prolonged period time eg listening lecture bite eat feel may able meet daily requirement
\x356332316661316534666332333030396638303032346562,course-v1:GTx+HDM1.1aX+3T2018,transcript video wrong still click link youtube seems right subtitle fix recheck video transcript right one perhaps incorrectly referenced web page code
\x356331323161303933363130313330393761303032383564,course-v1:GTx+HDM1.1aX+3T2018,quite time since ive played serious game serious game per lecture play coin game pas time commuting work metro wasnt connected online seeing high score unlock special item even point much achievertype game strangely addicted sort game month bored awhile didnt sort pull beyond initial spurt
\x356266663330643233363130313330396131303031666335,course-v1:GTx+HDM1.1aX+3T2018,destiny gameplay put action space also development heart amazing engaged motivated achieve higher level skill possible discover new skill exploring gameplay much course great
\x356266333664376534666332333030396539303030663231,course-v1:GTx+HDM1.1aX+3T2018,nfs rival put reward challenge verify playing game driving example outlaw pilot need first place gaining reward difficult achieve target term time position path complete mission allowed crash car much limit game much challeging mandatory complete specific task order receive money improve andor buy new car
\x353966353031353235306566323230613032303032393862,course-v1:GTx+HDM1.1aX+2T2017,lately playing persona id give achiever explorer dont play game social reason doesnt real social aspect anyway rudimentary online feature since single player game playing people reason irrelevant mainly single player jrpg kind guy doesnt apply game
\x356166613435623132343435316130396232303035396234,course-v1:GTx+HDM1.2aX+2T2017,everything interesting since able understand depth subject happens behind whole process
\x356166613032663938343435326130383339303035616231,course-v1:GTx+HDM1.2aX+2T2017,possible since create option improve user experience
\x356138393665353639333739343030396664303031316532,course-v1:GTx+HDM1.2aX+2T2017,found first module interesting similar term discussed difference meaning made clear course moved np set part felt little lost interest level went video np set gpii made interesting video explain
\x356136393437666232343435316130396439303030303361,course-v1:GTx+HDM1.2aX+2T2017,think type web content made readable mean browser accessibility feature stated image embedded text made readable embedded content iframe may also benefit browser accessibility feature think downside technique making web content accessible site visitor use accessibility feature might make experience worse
\x356135366562343434346131353030383865303031303738,course-v1:GTx+HDM1.2aX+2T2017,valuable people barrier technology make accessible
\x356466386566386563373632373730393630303033306637,course-v1:GTx+HDM1.2aX+1T2019,time mostly ageing people accessibility point point must guidance option used accessibility point efficient
\x356362313561636630646166633630396166303030306539,course-v1:GTx+HDM1.2aX+1T2019,one drawback changing colour website button become unrecognisable input field might invisible present issue
\x356338666463326335386164636230393632303033626435,course-v1:GTx+HDM1.2aX+1T2019,old usually font size level two help
\x356332373533633233656239653630396265303030313565,course-v1:GTx+HDM1.2aX+3T2018,problem using browser accessibility feature time disrupts usability feature useful youre read plain text
\x356332373531336135386164636230393639303030313533,course-v1:GTx+HDM1.2aX+3T2018,color picker old proven way help responsive design browser plug in anything possible color sense never lose value color attract retains visitor
\x356265343134366465663562333330396533303031346332,course-v1:GTx+HDM1.2aX+3T2018,found course full good information easy follow learned lot new term course
\x356439626336613538313439666430393364303033336532,course-v1:GTx+HDM1.1aX+1T2019,rocket league game really sustains good without loosing relevant pilalrs socializer achiever game emphasizes exploration open world keeping achievement killing strong driver
\x356234663039353339636237613930393938303030306630,course-v1:GTx+HDM1.1aX+2T2017,everyone ive neighbor hell game game must anything drive neighbor crazy think satisfy achiever also must find instrument reach goal experience different environment satisfy explorer end game single player isnt anything compete therefore say socializer killer fully satisfied wonder feedback post
\x356162613936616539333739343030613135303032663865,course-v1:GTx+HDM1.1aX+2T2017,game start link much need around unlock new feature goal game explore action space gain new gear following quest provided character also question divided two wold task mean exploring game need explore space grow challenging game gear needed forward task
\x356162386261663338343435326130383534303032653733,course-v1:GTx+HDM1.1aX+2T2017,application talent management improves industry performance approach solve business task strategically challenge begin select player hiring process output related value added organization reward available time player skill boredom technical factor task considered
\x356162383237336539333739343030396438303032636266,course-v1:GTx+HDM1.1aX+2T2017,reward stimulus sound designed activate hypothalamus also user conquer new land challenge messy even intimidating size opponent discovery user unlock new space technology environment even new kingdom action space game based single basic idea conquer development evolution society visually strategically
\x356162376533376532343435316130396163303032663539,course-v1:GTx+HDM1.1aX+2T2017,record field expertise sure accessibility area major implication marketing hr education instance platform wellthought space transfer bast storage knowledge however find web page wellorganized structure sure intuitive possible main challenge maintain accessibility content universal audience tramp human find navigation button v back forward button browser
\x356135366239663034346131353030386166303030663433,course-v1:GTx+HDM1.1aX+2T2017,play computer dont much socialization achieving seems game killing anyone else play civilization
\x356239383439623063333035616430396566303032616465,course-v1:GTx+HDM1.2aX+2T2017,allowed exploration different programming format method found apps use future
\x356165383938626538343435326130383237303034656131,course-v1:GTx+HDM1.2aX+2T2017,appreciated course constantly thinking make develop everyday available
\x356436323039376538343435326130373761303031326363,course-v1:GTx+HDM1.2aX+1T2019,user need guideline learn apply technique pressing ctrl zoom might take time web owner create guideline
\x356435643037393538343435326130373866303031303263,course-v1:GTx+HDM1.2aX+1T2019,think colour combination web page must selected wisely enable user switch different colour colour switcher colour may cause audience uncomfortable feeling towards web page overcontrast text background colour affect user experience directly hence one limitation building colour switcher
\x356439623330613238313439666430393532303033363438,course-v1:GTx+HDM1.1aX+1T2019,series one famous game time linking subjected discussed specifically famous level every kid talking socializing play finish achier win collected apple coin many place explorer game really well designed strategy well implemented attractive type player
\x356337376132656433656239653630393865303033303766,course-v1:GTx+HDM1.1aX+1T2019,analyze game rate scale leader board dont think main content achiever game element beat enemy game collect rare figure socializer rare dont let add friend even candy crash allow give heart people explorer
\x356165303239613932343435316130396463303034376430,course-v1:GTx+HDM1.1aX+2T2017,unstructured explanation instructor lack response message make course well par little use
\x356237346436353033623061626330396463303031343261,course-v1:GTx+HDM1.2aX+2T2017,information creating accessible website taken used website use rather large well used public website information learned far applied
\x356339343331656135386164636230396230303033656538,course-v1:GTx+HDM1.2aX+1T2019,limitation text resized certain level user maymay able read depending vision level drawback take space webpage additional click limitation colour may user eye contrast drawback additional click user limitation content level text maybe high user voice demeaning soft user understand drawback make confusing user heshe cant understand content voice
\x356339616563306364623730613930393939303034323130,course-v1:GTx+HDM1.1aX+1T2019,action space area visible game progress revealed play reward quantified alongside
\x356337386330366333656239653630393931303033313064,course-v1:GTx+HDM1.1aX+1T2019,guess game involves two main characteristic game demand consume even real money order enhace character talking strategy action space provides lot situation every corner there posible solution money involved
\x356337383539646264623730613930393762303033316333,course-v1:GTx+HDM1.1aX+1T2019,gess game fully based reward kind upgrade cuztomization surprise etc
\x356337383264346633656239653630396337303032666466,course-v1:GTx+HDM1.1aX+1T2019,apps time offer really interesting content explore movie series apparently lot content permanently content offer preview etc ask register ultimately charge everyting even offer borrow movie
\x356337383162363233656239653630396130303032663735,course-v1:GTx+HDM1.1aX+1T2019,think game core oriented achiever mostly progress ranking goal playing social component less prominent game killer profile sure beating record count
\x356162393934633638343435326130383237303032653838,course-v1:GTx+HDM1.1aX+2T2017,ive completed requirement course received certificate yet yes verified track ive checked progress page graded module test ive done nothing ive idea total showing miss certificate made available kind regard sebbe
\x356161636436323932343435316130396463303032363338,course-v1:GTx+HDM1.1aX+2T2017,srt txt link provided video reward challenge challenge correct open srt txt next video week action space development action space look
\x356135363831313737616366326430383130303030666430,course-v1:GTx+HDM1.2aX+2T2017,date early course least month given course start date
\x356264363632386233363130313330393836303030656535,course-v1:GTx+HDM1.2aX+3T2018,example text resizing website google search engine limitation residing text widget accessibility chrome example website change color background draw back widget text unrecognizable website read aloud user audio gamesnet draw back widget visitor cant locate visitor using widget visually empaired blind
\x356363633937353030646166633630393939303030656236,course-v1:GTx+HDM1.1aX+1T2019,think great example gamification concept action space exception say start limited option grows moderate amount option take different action option trained acquire easy keep track access available action space quite easily action space represented screen reader blind player
\x356363633864666364386561623130393730303030653638,course-v1:GTx+HDM1.1aX+1T2019,super game come mind think challenge reward world different level area vary challenge difficulty there great mix reward sound blinking element point level ups character ability increase given immediately achieved background sound also rewarding andor punishing succeedfail enter easyominous zone cant tune outta head
\x356363623631613764386561623130393931303030643765,course-v1:GTx+HDM1.1aX+1T2019,designed survey using qualtrics one thing noticed changed order question item within block order became messed behind scene data gathered shifted expectation visibly displayed user participant took survey hadnt noticed grossly misinterpreted data situation presented accessibility challenge observe data right order
\x356236313966313863333035616430396566303030393232,course-v1:GTx+HDM1.1aX+2T2017,think outlook trap whenever set auto reply find computer outlook since mobile version job hard add function wonder
\x356235383836346461353232303330393434303030336532,course-v1:GTx+HDM1.1aX+2T2017,listed weight player classification game thought weight given sum bartle game played amazonawscom png
\x356238343863353333623061626330396439303031653162,course-v1:GTx+HDM1.2aX+2T2017,chance de estudar formas de melhor acessibilidade de site pensando em todos o possíveis tipos de usuários gratificante
\x356138343866333738343435326130383162303030663936,course-v1:GTx+HDM1.2aX+2T2017,think type web content made readable mean browser accessibility feature information contained image information need original size colour convey intended message think downside technique making web content accessible might counteract another separate accessibility tool already
\x356334383833646264623730613930396261303031316233,course-v1:GTx+HDM1.1aX+3T2018,great course big appreciated lot discussed aspect gamification usually touched similar course decomposing game discussing different element game dessign patter etc insightful useful
\x356263336534333762343165366530383562303030626433,course-v1:GTx+HDM1.1aX+3T2018,name ashley looking forward exploring course wanted say friendly everyone else taking well
\x356463343338373339356230363230393338303030613862,course-v1:GTx+HDM1.1aX+1T2019,everyone ssa amazing game killer achiever player game based important relevant anime series one main goal revive history anime example gameplay collect diferent character level order pvp killer reach level feature achiever adittion global server chat socialize player recognized collect importan character
\x356163333862383832343435316130396666303033336338,course-v1:GTx+HDM1.2aX+2T2017,much web content made readable accessibility feature text medium implemented webpage image video flash image made readable
\x356362623534353230646166633630393939303030363332,course-v1:GTx+HDM1.2aX+1T2019,nowadays feature available make video content readable user although solved extension making possible colorblind people video
\x356361613465313964623730613930393861303034666365,course-v1:GTx+HDM1.2aX+1T2019,one major downside using technique make content accessible technique take user time consumer web savy may access accessibility feature call finding assistance step looking assistance even taking extra time reach accessibility feature discouraging leading userconsumer exit site
\x356363353962343935303761376130396534303030616130,course-v1:GTx+HDM1.1aX+1T2019,corresponding course still available pay receive certificate
\x356363346135633530646166633630393861303030613137,course-v1:GTx+HDM1.1aX+1T2019,came across course possible certificated completing course
