id,StudentID,Name,Major,Year,ModuleID,Topic,Subtopics,WeeksCovered,LearningOutcomes,StudentFeedback,ConfidenceLevel,Timestamp,
1,S001,Austin Bates,Computer Science,Freshman,M1,Variables and Data Types,"['Integers','Strings','Booleans']",1,Understand basic data types and variables,I'm unsure when to convert floats to ints for accurate math results.,4,9/1/2020 8:00,
2,S002,Isabella Johnson,Mechanical Engineering,Freshman,M2,Loops and Conditionals,"['For Loops','If Statements']",2,Use loops for repetition and conditions,"For the midterm, do I need to memorize nested loop syntax in detail?",3,9/1/2020 8:12,
3,S003,Noah Patel,Electrical Engineering,Sophomore,M3,Functions,"['Defining Functions','Parameters']",2,Define and use functions in Python,Can we have a function return more than one list without confusion?,5,9/1/2020 8:20,
4,S004,Emily Zhang,Computer Science,Freshman,M4,Data Structures,"['Lists','Dictionaries']",2,Use basic data structures,Is it better to store large sets of data in a dictionary or a list if I'm searching repeatedly?,3,9/1/2020 8:35,
5,S005,Jacob Young,Mathematics,Sophomore,M5,File I/O,"['Reading Files','Writing Files']",1,Read from and write to files in Python,Do we need to handle exceptions for every file operation on the final exam?,2,9/1/2020 9:00,
6,S006,Olivia Green,Computer Science,Freshman,M1,Variables and Data Types,"['Integers','Strings','Booleans']",1,Understand basic data types and variables,Is there any real performance difference between int and float variables in Python?,4,9/1/2020 9:15,
7,S007,Harper Davis,Mechanical Engineering,Freshman,M2,Loops and Conditionals,"['For Loops','If Statements']",2,Use loops for repetition and conditions,How do I break out of multiple nested loops without messy code?,3,9/1/2020 9:30,
8,S008,Sarah Martin,Mathematics,Sophomore,M3,Functions,"['Defining Functions','Parameters']",2,Define and use functions in Python,Would using *args for variable-length parameters complicate code for the midterm?,5,9/1/2020 9:45,
9,S009,Daniel Kim,Electrical Engineering,Freshman,M4,Data Structures,"['Lists','Dictionaries']",2,Use basic data structures,Is it possible that we get tested on dictionary comprehensions in the exam?,2,9/1/2020 10:00,
10,S010,Grace Thompson,Computer Science,Sophomore,M5,File I/O,"['Reading Files','Writing Files']",1,Read from and write to files in Python,"Is 'with open' mandatory, or can I just open and close files in a try block?",4,9/1/2020 10:15,
11,S011,Henry White,Computer Science,Junior,M1,Variables and Data Types,"['Integers','Strings','Booleans']",1,Understand basic data types and variables,How do I handle a boolean variable for a flag in an exam scenario for code clarity?,5,9/1/2020 10:40,
12,S012,Ava Roberts,Industrial Engineering,Senior,M2,Loops and Conditionals,"['For Loops','If Statements']",2,Use loops for repetition and conditions,Does indentation have a big effect on partial credit if it's off by one space?,3,9/1/2020 11:00,
13,S013,Mia Garcia,Computer Science,Senior,M3,Functions,"['Defining Functions','Parameters']",2,Define and use functions in Python,Are lambda functions allowed on the test or should we stick to def syntax?,4,9/1/2020 11:20,
14,S014,Ryan Foster,Civil Engineering,Sophomore,M4,Data Structures,"['Lists','Dictionaries']",2,Use basic data structures,I keep forgetting the difference between list.pop() and del list[index]. Any tips?,3,9/1/2020 11:40,
15,S015,Stella Reyes,Computer Science,Junior,M5,File I/O,"['Reading Files','Writing Files']",1,Read from and write to files in Python,"If we read a file line by line, will that appear on the final exam or just the midterm?",4,9/1/2020 12:05,
16,S001,Austin Bates,Computer Science,Freshman,M2,Loops and Conditionals,"['For Loops','If Statements']",2,Use loops for repetition and conditions,Should we use break or is setting a condition flag better to exit a loop on the test?,2,9/1/2020 12:30,
17,S002,Isabella Johnson,Mechanical Engineering,Freshman,M3,Functions,"['Defining Functions','Parameters']",2,Define and use functions in Python,How do default parameters interact with positional arguments? I'm a bit confused.,4,9/1/2020 13:00,
18,S003,Noah Patel,Electrical Engineering,Sophomore,M4,Data Structures,"['Lists','Dictionaries']",2,Use basic data structures,What are the main differences in performance for searching in lists vs. dictionaries?,3,9/1/2020 13:20,
19,S004,Emily Zhang,Computer Science,Freshman,M1,Variables and Data Types,"['Integers','Strings','Booleans']",1,Understand basic data types and variables,Are we expected to know string slicing in detail for midterm questions?,5,9/1/2020 13:45,
20,S005,Jacob Young,Mathematics,Sophomore,M2,Loops and Conditionals,"['For Loops','If Statements']",2,Use loops for repetition and conditions,"Do we have to do while loops from scratch, or can we rely on for loops on the exam?",2,9/1/2020 14:00,
21,S006,Olivia Green,Computer Science,Freshman,M3,Functions,"['Defining Functions','Parameters']",2,Define and use functions in Python,"Is recursion a required topic for the exam, or just an optional concept?",3,9/1/2020 14:15,
22,S007,Harper Davis,Mechanical Engineering,Freshman,M4,Data Structures,"['Lists','Dictionaries']",2,Use basic data structures,Is it recommended to store class objects in a list or a dictionary for the final project?,4,9/1/2020 14:35,
23,S008,Sarah Martin,Mathematics,Sophomore,M1,Variables and Data Types,"['Integers','Strings','Booleans']",1,Understand basic data types and variables,"When do I need to worry about integer overflow in Python, if ever?",2,9/1/2020 15:00,
24,S009,Daniel Kim,Electrical Engineering,Freshman,M2,Loops and Conditionals,"['For Loops','If Statements']",2,Use loops for repetition and conditions,How can I handle multiple conditions in a single if statement for exam code clarity?,4,9/1/2020 15:20,
25,S010,Grace Thompson,Computer Science,Sophomore,M3,Functions,"['Defining Functions','Parameters']",2,Define and use functions in Python,How many optional parameters can we realistically have before it gets confusing?,3,9/1/2020 15:45,
26,S011,Henry White,Computer Science,Junior,M4,Data Structures,"['Lists','Dictionaries']",2,Use basic data structures,Could a dictionary be used in place of a switch-case structure if statements are too bulky?,2,9/1/2020 16:10,
27,S012,Ava Roberts,Industrial Engineering,Senior,M5,File I/O,"['Reading Files','Writing Files']",1,Read from and write to files in Python,Is it possible that exam questions will include reading from CSV files with missing entries?,4,9/1/2020 16:40,
28,S013,Mia Garcia,Computer Science,Senior,M1,Variables and Data Types,"['Integers','Strings','Booleans']",1,Understand basic data types and variables,"For booleans, is it good practice to use 'is True' or just rely on the variable in an if statement?",5,9/1/2020 17:00,
29,S014,Ryan Foster,Civil Engineering,Sophomore,M2,Loops and Conditionals,"['For Loops','If Statements']",2,Use loops for repetition and conditions,"If I have to do prime number checking, are nested loops expected for the exam question?",3,9/1/2020 17:30,
30,S015,Stella Reyes,Computer Science,Junior,M3,Functions,"['Defining Functions','Parameters']",2,Define and use functions in Python,Should we handle error-checking of parameters or assume correct usage in exam solutions?,4,9/1/2020 18:00,
31,S001,Austin Bates,Computer Science,Freshman,M4,Data Structures,"['Lists','Dictionaries']",2,Use basic data structures,"Are we tested on list slicing for manipulations on the final, or just the basics?",5,9/2/2020 8:00,
32,S002,Isabella Johnson,Mechanical Engineering,Freshman,M5,File I/O,"['Reading Files','Writing Files']",1,Read from and write to files in Python,What's the simplest way to handle a file that doesn't exist without crashing our script?,3,9/2/2020 8:20,
33,S003,Noah Patel,Electrical Engineering,Sophomore,M1,Variables and Data Types,"['Integers','Strings','Booleans']",1,Understand basic data types and variables,Are we tested on complex numbers or just standard ints and floats?,4,9/2/2020 8:35,
34,S004,Emily Zhang,Computer Science,Freshman,M2,Loops and Conditionals,"['For Loops','If Statements']",2,Use loops for repetition and conditions,"When using nested loops for the midterm, do we get partial credit for logic errors?",3,9/2/2020 8:55,
35,S005,Jacob Young,Mathematics,Sophomore,M3,Functions,"['Defining Functions','Parameters']",2,Define and use functions in Python,How do I handle type hints in Python for exam code? Or is that optional?,2,9/2/2020 9:05,
36,S006,Olivia Green,Computer Science,Freshman,M4,Data Structures,"['Lists','Dictionaries']",2,Use basic data structures,"If I'm removing duplicates, is a set then converted to a list for final usage recommended?",4,9/2/2020 9:20,
37,S007,Harper Davis,Mechanical Engineering,Freshman,M5,File I/O,"['Reading Files','Writing Files']",1,Read from and write to files in Python,"Is picking a correct file path a part of the exam, or do they assume we already know that?",3,9/2/2020 9:45,
38,S008,Sarah Martin,Mathematics,Sophomore,M2,Loops and Conditionals,"['For Loops','If Statements']",2,Use loops for repetition and conditions,"To handle a range-based loop, is range(len(myList)) the standard approach for iteration?",5,9/2/2020 10:00,
39,S009,Daniel Kim,Electrical Engineering,Freshman,M3,Functions,"['Defining Functions','Parameters']",2,Define and use functions in Python,"If a function is extremely long, should we break it into subfunctions for clarity on the final exam?",4,9/2/2020 10:15,
40,S010,Grace Thompson,Computer Science,Sophomore,M1,Variables and Data Types,"['Integers','Strings','Booleans']",1,Understand basic data types and variables,"Could you store booleans in a list along with integers, or is that frowned upon?",2,9/2/2020 10:45,
41,S011,Henry White,Computer Science,Junior,M2,Loops and Conditionals,"['For Loops','If Statements']",2,Use loops for repetition and conditions,Can if statements chain logically like if a<b<c? Is that tested on the exam?,3,9/2/2020 11:00,
42,S012,Ava Roberts,Industrial Engineering,Senior,M3,Functions,"['Defining Functions','Parameters']",2,Define and use functions in Python,"When a function calls itself, do we have to mention recursion specifically in docstrings?",5,9/2/2020 11:25,
43,S013,Mia Garcia,Computer Science,Senior,M4,Data Structures,"['Lists','Dictionaries']",2,Use basic data structures,What if we store function references in a dictionary for the final? Is that advanced usage?,4,9/2/2020 11:45,
44,S014,Ryan Foster,Civil Engineering,Sophomore,M5,File I/O,"['Reading Files','Writing Files']",1,Read from and write to files in Python,"If a file is locked, can we catch that in code for partial exam credit?",3,9/2/2020 12:00,
45,S015,Stella Reyes,Computer Science,Junior,M1,Variables and Data Types,"['Integers','Strings','Booleans']",1,Understand basic data types and variables,"Does Python automatically convert string numbers to int if we do arithmetic? Probably not, right?",2,9/2/2020 12:15,
46,S001,Austin Bates,Computer Science,Freshman,M2,Loops and Conditionals,"['For Loops','If Statements']",2,Use loops for repetition and conditions,Can we rely on break plus else in a for loop to simplify logic for the exam?,4,9/2/2020 12:35,
47,S002,Isabella Johnson,Mechanical Engineering,Freshman,M3,Functions,"['Defining Functions','Parameters']",2,Define and use functions in Python,"If a function doesn't return anything, is a docstring explaining it enough for partial credit?",5,9/2/2020 13:00,
48,S003,Noah Patel,Electrical Engineering,Sophomore,M4,Data Structures,"['Lists','Dictionaries']",2,Use basic data structures,"In the final exam, do we have to know the difference in time complexity between list vs. dict lookups?",3,9/2/2020 13:15,
49,S004,Emily Zhang,Computer Science,Freshman,M5,File I/O,"['Reading Files','Writing Files']",1,Read from and write to files in Python,Is reading from sys.stdin covered or do we only worry about local file handling in the test?,2,9/2/2020 13:35,
50,S005,Jacob Young,Mathematics,Sophomore,M1,Variables and Data Types,"['Integers','Strings','Booleans']",1,Understand basic data types and variables,Could the final ask us to manipulate strings with slicing in advanced ways?,4,9/2/2020 14:00,
51,S006,Olivia Green,Computer Science,Freshman,M2,Loops and Conditionals,"['For Loops','If Statements']",2,Use loops for repetition and conditions,Is while True with a break acceptable for repeated user input on the final exam?,3,9/2/2020 14:25,
52,S007,Harper Davis,Mechanical Engineering,Freshman,M3,Functions,"['Defining Functions','Parameters']",2,Define and use functions in Python,"If we define a function inside another function, do we lose clarity points?",2,9/2/2020 14:45,
53,S008,Sarah Martin,Mathematics,Sophomore,M4,Data Structures,"['Lists','Dictionaries']",2,Use basic data structures,Could we pass a dictionary as an argument to a function that modifies it in place on the exam?,4,9/2/2020 15:10,
54,S009,Daniel Kim,Electrical Engineering,Freshman,M5,File I/O,"['Reading Files','Writing Files']",1,Read from and write to files in Python,"Is reading JSON files in scope for the midterm or the final, or neither?",5,9/2/2020 15:30,
55,S010,Grace Thompson,Computer Science,Sophomore,M1,Variables and Data Types,"['Integers','Strings','Booleans']",1,Understand basic data types and variables,Are multiline strings with triple quotes tested in any assignment or exam question?,2,9/2/2020 15:55,
56,S011,Henry White,Computer Science,Junior,M2,Loops and Conditionals,"['For Loops','If Statements']",2,Use loops for repetition and conditions,Should I chain logical operators or nest them? I'm worried about clarity on the final.,3,9/2/2020 16:15,
57,S012,Ava Roberts,Industrial Engineering,Senior,M3,Functions,"['Defining Functions','Parameters']",2,Define and use functions in Python,"Is tail recursion a thing in Python, or do we not have to worry about that for the exam?",4,9/2/2020 16:35,
58,S013,Mia Garcia,Computer Science,Senior,M4,Data Structures,"['Lists','Dictionaries']",2,Use basic data structures,"For final project design, is it normal to have a list of dictionaries and also a dictionary of lists?",5,9/2/2020 16:50,
59,S014,Ryan Foster,Civil Engineering,Sophomore,M5,File I/O,"['Reading Files','Writing Files']",1,Read from and write to files in Python,"If a file is too large, do we just read it in chunks, or is that out of scope for the midterm?",3,9/2/2020 17:05,
60,S015,Stella Reyes,Computer Science,Junior,M2,Loops and Conditionals,"['For Loops','If Statements']",2,Use loops for repetition and conditions,Do multiple elif statements degrade performance enough to matter for the final exam?,4,9/2/2020 17:30,
61,S001,Austin Bates,Computer Science,Freshman,M3,Functions,"['Defining Functions','Parameters']",2,Define and use functions in Python,"If I define a function that prints instead of returns, is that considered a side effect on the exam?",3,9/3/2020 8:05,
62,S002,Isabella Johnson,Mechanical Engineering,Freshman,M4,Data Structures,"['Lists','Dictionaries']",2,Use basic data structures,Could we see a question requiring sorting a list of dictionaries by a certain key?,5,9/3/2020 8:20,
63,S003,Noah Patel,Electrical Engineering,Sophomore,M5,File I/O,"['Reading Files','Writing Files']",1,Read from and write to files in Python,"When writing data out, is JSON or CSV more likely to appear on the test?",2,9/3/2020 8:35,
64,S004,Emily Zhang,Computer Science,Freshman,M1,Variables and Data Types,"['Integers','Strings','Booleans']",1,Understand basic data types and variables,Do we have to worry about uppercase vs lowercase booleans (True vs true) or is that trivial?,4,9/3/2020 9:00,
65,S005,Jacob Young,Mathematics,Sophomore,M2,Loops and Conditionals,"['For Loops','If Statements']",2,Use loops for repetition and conditions,Is there a scenario in the midterm where I'd prefer a while loop over a for loop specifically?,3,9/3/2020 9:20,
66,S006,Olivia Green,Computer Science,Freshman,M3,Functions,"['Defining Functions','Parameters']",2,Define and use functions in Python,"If we are returning multiple values, is it better to return a tuple, or a dictionary, or doesn't it matter?",2,9/3/2020 9:50,
67,S007,Harper Davis,Mechanical Engineering,Freshman,M4,Data Structures,"['Lists','Dictionaries']",2,Use basic data structures,"When we do a .pop() on a list, do we need to store the returned value to get credit in the exam examples?",4,9/3/2020 10:05,
68,S008,Sarah Martin,Mathematics,Sophomore,M5,File I/O,"['Reading Files','Writing Files']",1,Read from and write to files in Python,Could an exam question have us parse a tab-delimited file or is it always CSV?,3,9/3/2020 10:25,
69,S009,Daniel Kim,Electrical Engineering,Freshman,M1,Variables and Data Types,"['Integers','Strings','Booleans']",1,Understand basic data types and variables,Is string interpolation tested or is simple concatenation enough for exam solutions?,5,9/3/2020 10:45,
70,S010,Grace Thompson,Computer Science,Sophomore,M2,Loops and Conditionals,"['For Loops','If Statements']",2,Use loops for repetition and conditions,Any advice for practicing logic-based loops for the exam? I'm mixing up break vs. continue.,3,9/3/2020 11:00,
71,S011,Henry White,Computer Science,Junior,M3,Functions,"['Defining Functions','Parameters']",2,Define and use functions in Python,Is it mandatory to include docstrings for every function on the final for full style points?,4,9/3/2020 11:25,
72,S012,Ava Roberts,Industrial Engineering,Senior,M4,Data Structures,"['Lists','Dictionaries']",2,Use basic data structures,"If we embed one dictionary inside another, do we get tested on how to access nested data?",5,9/3/2020 11:40,
73,S013,Mia Garcia,Computer Science,Senior,M5,File I/O,"['Reading Files','Writing Files']",1,Read from and write to files in Python,"Is reading command-line arguments tested, or do we just assume file paths are known?",2,9/3/2020 12:00,
74,S014,Ryan Foster,Civil Engineering,Sophomore,M1,Variables and Data Types,"['Integers','Strings','Booleans']",1,Understand basic data types and variables,"Is type() usage required to verify data type on the exam, or is that overkill?",3,9/3/2020 12:15,
75,S015,Stella Reyes,Computer Science,Junior,M2,Loops and Conditionals,"['For Loops','If Statements']",2,Use loops for repetition and conditions,How do I handle multi-condition checks in one if statement without making it unreadable?,4,9/3/2020 12:35,
76,S001,Austin Bates,Computer Science,Freshman,M3,Functions,"['Defining Functions','Parameters']",2,Define and use functions in Python,Do I need to worry about variable scope if a function changes a global variable for the midterm?,2,9/3/2020 13:00,
77,S002,Isabella Johnson,Mechanical Engineering,Freshman,M4,Data Structures,"['Lists','Dictionaries']",2,Use basic data structures,Are we expected to demonstrate .items() usage for dictionaries on the exam or just .keys()?,3,9/3/2020 13:25,
78,S003,Noah Patel,Electrical Engineering,Sophomore,M5,File I/O,"['Reading Files','Writing Files']",1,Read from and write to files in Python,"If we read 100 lines from a file, do we store them in a list or process them one by one for best practice?",4,9/3/2020 13:50,
79,S004,Emily Zhang,Computer Science,Freshman,M1,Variables and Data Types,"['Integers','Strings','Booleans']",1,Understand basic data types and variables,"Are f-strings something we should use, or is .format() more standard for the test?",5,9/3/2020 14:10,
80,S005,Jacob Young,Mathematics,Sophomore,M2,Loops and Conditionals,"['For Loops','If Statements']",2,Use loops for repetition and conditions,Do we need to handle user input validation with while loops or can we skip it for the exam?,2,9/3/2020 14:30,
81,S006,Olivia Green,Computer Science,Freshman,M3,Functions,"['Defining Functions','Parameters']",2,Define and use functions in Python,Is it possible to define a function inside a loop for dynamic generation on the final?,3,9/4/2020 8:00,
82,S007,Harper Davis,Mechanical Engineering,Freshman,M4,Data Structures,"['Lists','Dictionaries']",2,Use basic data structures,What if I need an ordered dictionary? Is that tested or will a normal dict suffice?,2,9/4/2020 8:15,
83,S008,Sarah Martin,Mathematics,Sophomore,M5,File I/O,"['Reading Files','Writing Files']",1,Read from and write to files in Python,"Is writing binary data to a file something we need to practice for the exam, or just text files?",4,9/4/2020 8:35,
84,S009,Daniel Kim,Electrical Engineering,Freshman,M2,Loops and Conditionals,"['For Loops','If Statements']",2,Use loops for repetition and conditions,Is a do-while loop variant possible in Python or do we just simulate it with while True?,5,9/4/2020 8:50,
85,S010,Grace Thompson,Computer Science,Sophomore,M3,Functions,"['Defining Functions','Parameters']",2,Define and use functions in Python,Is partial function application or functools tested in an intro class exam?,3,9/4/2020 9:00,
86,S011,Henry White,Computer Science,Junior,M4,Data Structures,"['Lists','Dictionaries']",2,Use basic data structures,Could we see a scenario where the final requires building a dictionary from a list using enumerations?,4,9/4/2020 9:15,
87,S012,Ava Roberts,Industrial Engineering,Senior,M1,Variables and Data Types,"['Integers','Strings','Booleans']",1,Understand basic data types and variables,Is it safe to rely on implicit conversion between int and float or do we need explicit checks?,3,9/4/2020 9:35,
88,S013,Mia Garcia,Computer Science,Senior,M2,Loops and Conditionals,"['For Loops','If Statements']",2,Use loops for repetition and conditions,How do I handle multiple if blocks that share code? Should I refactor into a single loop?,5,9/4/2020 9:50,
89,S014,Ryan Foster,Civil Engineering,Sophomore,M3,Functions,"['Defining Functions','Parameters']",2,Define and use functions in Python,"If a function is missing type hints, do we lose style points on the exam? Or is that advanced usage?",3,9/4/2020 10:10,
90,S015,Stella Reyes,Computer Science,Junior,M4,Data Structures,"['Lists','Dictionaries']",2,Use basic data structures,Will we cover how to combine two dictionaries (like the union operator) in the midterm example?,2,9/4/2020 10:35,
91,S001,Austin Bates,Computer Science,Freshman,M5,File I/O,"['Reading Files','Writing Files']",1,Read from and write to files in Python,"For storing records, is appending to a file guaranteed not to corrupt existing data if coded right?",4,9/4/2020 10:50,
92,S002,Isabella Johnson,Mechanical Engineering,Freshman,M1,Variables and Data Types,"['Integers','Strings','Booleans']",1,Understand basic data types and variables,Is ASCII vs. Unicode detail tested or just the basics for string encoding on the final?,2,9/4/2020 11:05,
93,S003,Noah Patel,Electrical Engineering,Sophomore,M2,Loops and Conditionals,"['For Loops','If Statements']",2,Use loops for repetition and conditions,"If we do a for loop with a step, is that tested or do we just do range(start,stop)?",3,9/4/2020 11:25,
94,S004,Emily Zhang,Computer Science,Freshman,M3,Functions,"['Defining Functions','Parameters']",2,Define and use functions in Python,Does referencing a global variable in a function deduct points for style in the exam?,5,9/4/2020 11:40,
95,S005,Jacob Young,Mathematics,Sophomore,M4,Data Structures,"['Lists','Dictionaries']",2,Use basic data structures,Could we be asked to transform a dictionary into a list of tuples for sorting on the exam?,4,9/4/2020 12:00,
96,S006,Olivia Green,Computer Science,Freshman,M5,File I/O,"['Reading Files','Writing Files']",1,Read from and write to files in Python,"When writing multiple lines, do we need to handle newline characters carefully or just rely on print statements?",2,9/4/2020 12:20,
97,S007,Harper Davis,Mechanical Engineering,Freshman,M1,Variables and Data Types,"['Integers','Strings','Booleans']",1,Understand basic data types and variables,"If I'm reading in numeric data from input, is it tested that we must explicitly convert the strings to int?",3,9/4/2020 12:40,
98,S008,Sarah Martin,Mathematics,Sophomore,M2,Loops and Conditionals,"['For Loops','If Statements']",2,Use loops for repetition and conditions,"Any chance of do-while style logic questions on the final, or is that not a Python thing?",5,9/4/2020 13:05,
99,S009,Daniel Kim,Electrical Engineering,Freshman,M3,Functions,"['Defining Functions','Parameters']",2,Define and use functions in Python,Could we see a question about variable-length keyword arguments (like **kwargs)?,4,9/4/2020 13:30,
100,S010,Grace Thompson,Computer Science,Sophomore,M4,Data Structures,"['Lists','Dictionaries']",2,Use basic data structures,Is enumerating a list for index-value pairs tested on the midterm or final?,2,9/4/2020 13:50,
101,S011,Henry White,Computer Science,Junior,M5,File I/O,"['Reading Files','Writing Files']",1,Read from and write to files in Python,Will we have to handle special encodings like UTF-8 vs. ASCII in exam examples?,3,9/4/2020 14:10,
102,S012,Ava Roberts,Industrial Engineering,Senior,M1,Variables and Data Types,"['Integers','Strings','Booleans']",1,Understand basic data types and variables,Are we allowed to assume that integer input won't exceed certain bounds on the final?,4,9/4/2020 14:25,
103,S013,Mia Garcia,Computer Science,Senior,M2,Loops and Conditionals,"['For Loops','If Statements']",2,Use loops for repetition and conditions,"If I break from a loop in the middle, do I need an else block? I've seen that syntax in Python docs.",5,9/4/2020 14:50,
104,S014,Ryan Foster,Civil Engineering,Sophomore,M3,Functions,"['Defining Functions','Parameters']",2,Define and use functions in Python,Can a function inside a function access the outer function's variables or is that not tested?,2,9/4/2020 15:15,
105,S015,Stella Reyes,Computer Science,Junior,M4,Data Structures,"['Lists','Dictionaries']",2,Use basic data structures,"For removing items from a list while iterating, should we copy the list first or just remove in place?",3,9/4/2020 15:30,
106,S001,Austin Bates,Computer Science,Freshman,M2,Loops and Conditionals,"['For Loops','If Statements']",2,Use loops for repetition and conditions,Do we need to memorize advanced boolean operators (like XOR) for the midterm?,2,9/4/2020 16:00,
107,S002,Isabella Johnson,Mechanical Engineering,Freshman,M3,Functions,"['Defining Functions','Parameters']",2,Define and use functions in Python,Is passing a list by reference vs. copying it something we need for exam-level detail?,3,9/4/2020 16:20,
108,S003,Noah Patel,Electrical Engineering,Sophomore,M4,Data Structures,"['Lists','Dictionaries']",2,Use basic data structures,"If we get a dictionary from user input, do we handle keys as strings always, or can they be ints?",5,9/4/2020 16:45,
109,S004,Emily Zhang,Computer Science,Freshman,M5,File I/O,"['Reading Files','Writing Files']",1,Read from and write to files in Python,"Are file permission issues relevant to the final, or do we assume normal read/write access?",4,9/4/2020 17:00,
110,S005,Jacob Young,Mathematics,Sophomore,M1,Variables and Data Types,"['Integers','Strings','Booleans']",1,Understand basic data types and variables,"Is triple-quoted string usage typically tested, or is that just used for docstrings?",2,9/5/2020 8:00,
111,S006,Olivia Green,Computer Science,Freshman,M2,Loops and Conditionals,"['For Loops','If Statements']",2,Use loops for repetition and conditions,"If I chain multiple comparisons, is it read left to right or does Python do short-circuiting?",3,9/5/2020 8:25,
112,S007,Harper Davis,Mechanical Engineering,Freshman,M3,Functions,"['Defining Functions','Parameters']",2,Define and use functions in Python,"If a function references a global list, do we get partial credit if we do so effectively, or is it poor style?",2,9/5/2020 8:45,
113,S008,Sarah Martin,Mathematics,Sophomore,M4,Data Structures,"['Lists','Dictionaries']",2,Use basic data structures,"If we have multiple data structures nested, does the exam expect deep copying or shallow copying detail?",4,9/5/2020 9:05,
114,S009,Daniel Kim,Electrical Engineering,Freshman,M5,File I/O,"['Reading Files','Writing Files']",1,Read from and write to files in Python,"If I want to read from a file until a certain delimiter, do I just break on that line in the exam code?",5,9/5/2020 9:25,
115,S010,Grace Thompson,Computer Science,Sophomore,M1,Variables and Data Types,"['Integers','Strings','Booleans']",1,Understand basic data types and variables,"Is it valid to store numeric data as a string if we're never doing math with it, or is that bad practice?",3,9/5/2020 9:45,
116,S011,Henry White,Computer Science,Junior,M2,Loops and Conditionals,"['For Loops','If Statements']",2,Use loops for repetition and conditions,"We have to do prime-check logic for the midterm, right? Or was that an optional practice?",2,9/5/2020 10:05,
117,S012,Ava Roberts,Industrial Engineering,Senior,M3,Functions,"['Defining Functions','Parameters']",2,Define and use functions in Python,How many times can a function call itself recursively before it hits a limit? Is that tested?,4,9/5/2020 10:20,
118,S013,Mia Garcia,Computer Science,Senior,M4,Data Structures,"['Lists','Dictionaries']",2,Use basic data structures,"Could the final require building a nested dictionary from user input, or is that too advanced?",5,9/5/2020 10:45,
119,S014,Ryan Foster,Civil Engineering,Sophomore,M5,File I/O,"['Reading Files','Writing Files']",1,Read from and write to files in Python,Do we ever compress files in Python for the exam or do we just read them plainly?,2,9/5/2020 11:00,
120,S015,Stella Reyes,Computer Science,Junior,M1,Variables and Data Types,"['Integers','Strings','Booleans']",1,Understand basic data types and variables,"Is the exam going to test advanced string formatting with placeholders, or just the basics?",4,9/5/2020 11:30,
121,S001,Austin Bates,Computer Science,Freshman,M2,Loops and Conditionals,"['For Loops','If Statements']",2,Use loops for repetition and conditions,If statements with multiple logical conditions sometimes confuse me. Is that tested heavily?,3,9/5/2020 12:00,
122,S002,Isabella Johnson,Mechanical Engineering,Freshman,M3,Functions,"['Defining Functions','Parameters']",2,Define and use functions in Python,"If we handle exceptions inside a function, does that go beyond the scope of the final exam?",4,9/5/2020 12:20,
123,S003,Noah Patel,Electrical Engineering,Sophomore,M4,Data Structures,"['Lists','Dictionaries']",2,Use basic data structures,"For a phonebook example, is a dictionary the ideal data structure on the test question?",5,9/5/2020 12:45,
124,S004,Emily Zhang,Computer Science,Freshman,M5,File I/O,"['Reading Files','Writing Files']",1,Read from and write to files in Python,Can we open multiple files at once and read them line by line in the final? Or is that too advanced?,3,9/5/2020 13:05,
125,S005,Jacob Young,Mathematics,Sophomore,M1,Variables and Data Types,"['Integers','Strings','Booleans']",1,Understand basic data types and variables,Do we get partial credit if we forget to convert an input string to int but the logic is correct otherwise?,4,9/5/2020 13:30,
126,S006,Olivia Green,Computer Science,Freshman,M2,Loops and Conditionals,"['For Loops','If Statements']",2,Use loops for repetition and conditions,"If a loop is supposed to skip certain values, is continue the best approach or just an if condition?",2,9/5/2020 13:50,
127,S007,Harper Davis,Mechanical Engineering,Freshman,M3,Functions,"['Defining Functions','Parameters']",2,Define and use functions in Python,"Could we define default parameters that are lists or dictionaries, or does that cause any trouble on the exam?",3,9/5/2020 14:15,
128,S008,Sarah Martin,Mathematics,Sophomore,M4,Data Structures,"['Lists','Dictionaries']",2,Use basic data structures,"If I'm sorting a list of strings, do I have to consider locale or special characters for the exam tasks?",5,9/5/2020 14:40,
129,S009,Daniel Kim,Electrical Engineering,Freshman,M5,File I/O,"['Reading Files','Writing Files']",1,Read from and write to files in Python,Is 'csv.DictReader' a library function we need to memorize for the midterm or just manual parsing?,4,9/5/2020 15:00,
130,S010,Grace Thompson,Computer Science,Sophomore,M1,Variables and Data Types,"['Integers','Strings','Booleans']",1,Understand basic data types and variables,Should we consider negative indexing on strings for exam questions or keep it straightforward?,2,9/5/2020 15:20,
131,S011,Henry White,Computer Science,Junior,M2,Loops and Conditionals,"['For Loops','If Statements']",2,Use loops for repetition and conditions,"If there's an optional else in a for loop (for-else), do we have to use it on the exam or is it optional?",3,9/5/2020 15:45,
132,S012,Ava Roberts,Industrial Engineering,Senior,M3,Functions,"['Defining Functions','Parameters']",2,Define and use functions in Python,Do we have to handle potential recursion depth errors or is that too advanced for midterm coverage?,4,9/5/2020 16:00,
133,S013,Mia Garcia,Computer Science,Senior,M4,Data Structures,"['Lists','Dictionaries']",2,Use basic data structures,"If a dictionary is huge, do we talk about memory usage in the final exam, or just how to use it?",5,9/5/2020 16:25,
134,S014,Ryan Foster,Civil Engineering,Sophomore,M5,File I/O,"['Reading Files','Writing Files']",1,Read from and write to files in Python,Could the final ask about reading a file into a list of lists? Or is that too advanced for an intro course?,2,9/5/2020 16:50,
135,S015,Stella Reyes,Computer Science,Junior,M2,Loops and Conditionals,"['For Loops','If Statements']",2,Use loops for repetition and conditions,Is a switch-case style approach in Python something we need to replicate with if-elif for the exam?,4,9/5/2020 17:10,
136,S001,Austin Bates,Computer Science,Freshman,M4,Data Structures,"['Lists','Dictionaries']",2,Use basic data structures,"If I'm clearing a list in a function, do I need to create a new list, or can I just list.clear()?",3,9/6/2020 9:00,
137,S002,Isabella Johnson,Mechanical Engineering,Freshman,M5,File I/O,"['Reading Files','Writing Files']",1,Read from and write to files in Python,"If I do file.write() multiple times, do I need to manage the newline each time manually?",4,9/6/2020 9:25,
138,S003,Noah Patel,Electrical Engineering,Sophomore,M1,Variables and Data Types,"['Integers','Strings','Booleans']",1,Understand basic data types and variables,"Are we tested on slicing from the end, like someList[-1], or just forward indexing on the final?",2,9/6/2020 9:50,
139,S004,Emily Zhang,Computer Science,Freshman,M2,Loops and Conditionals,"['For Loops','If Statements']",2,Use loops for repetition and conditions,"For exam debugging, do we just highlight the error in logic, or do we have to fix it fully in code?",5,9/6/2020 10:15,
140,S005,Jacob Young,Mathematics,Sophomore,M3,Functions,"['Defining Functions','Parameters']",2,Define and use functions in Python,Can we rely on Python's default recursion limit for deep tasks or is that outside the exam scope?,3,9/6/2020 10:40,
